0,omumacaw,stop,daydream,soon,kitten,babi,tail,have,dream,uddudcudeuddcuddudcuddudcnnold,art,,,,
1,rmonolisa,jungkook,,,,,,,,,,,,,
2,chrisdjackson,comic,joebiden,command,lead,primari,increas,turnout,state,wonu,,,,,
3,ladychan,hold,excit,world,knownni,voic,zee,proof,concept,birth,broken,memou,,,
4,neeratanden,place,measur,enthusiasm,ballot,box,,,,,,,,,
5,rmonolisa,jungkook,,,,,,,,,,,,,
6,um,,,,,,,,,,,,,,
7,rmonolisa,jungkook,,,,,,,,,,,,,
8,passion,life,excit,need,,,,,,,,,,,
9,chrisdjackson,comic,joebiden,command,lead,primari,increas,turnout,state,wonu,,,,,
10,fordjohnathan,joe,proven,heu,go,ucgain,confid,american,peopleudnnth,peopl,vote,biden,byu,,
11,skylineempress,throb,excit,hop,uddudcuddudc,nrt,wan,na,jump,udeudduddudc,,,,,
12,crazi,berni,smh,,,,,,,,,,,,
13,neeratanden,place,measur,enthusiasm,ballot,box,,,,,,,,,
14,vabvox,yr,old,run,term,candid,st,nd,choicesharri,warrenhad,best,policu,,,
15,thehil,sen,berni,sander,joe,,,,,,,,,,
16,neeratanden,place,measur,enthusiasm,ballot,box,,,,,,,,,
17,thehil,true,excit,primari,deleg,count,,,,,,,,,
18,far,heu,brought,peopl,vote,,,,,,,,,,
19,neeratanden,place,measur,enthusiasm,ballot,box,,,,,,,,,
20,fordjohnathan,joe,proven,heu,go,ucgain,confid,american,peopleudnnth,peopl,vote,biden,byu,,
21,final,finish,resid,evil,zero,bigger,excit,crazi,gift,sub,wereu,,,,
22,old,man,screech,berni,doe,excit,,,,,,,,,
23,notcapnamerica,far,heu,brought,peopl,vote,,,,,,,,,
24,did,excit,need,defeat,,,,,,,,,,,
25,drsteventchen,iuv,work,littl,project,harvard,dermatolog,resid,hunker,covid,nnbeingu,,,,
26,neeratanden,place,measur,enthusiasm,ballot,box,,,,,,,,,
27,chrisdjackson,comic,joebiden,command,lead,primari,increas,turnout,state,wonu,,,,,
28,thehil,berniesand,donut,excit,energi,did,runner,god,doe,know,work,,,,
29,rockspreeran,pvais,bhi,hamari,shaadi,ho,chuki,hunk,patni,pati,men,chalta,huuddudeanpsacchiiunksacchiiuddudeaunptheek,hai,phiruuddudednishhhtheu
30,girl,oka,nvm,udeudd,,,,,,,,,,,
31,thehil,berniesand,ask,question,show,extent,disconnect,realitu,,,,,,,
32,chrisdjackson,comic,joebiden,command,lead,primari,increas,turnout,state,wonu,,,,,
33,look,sunburn,,,,,,,,,,,,,
34,notcapnamerica,far,heu,brought,peopl,vote,,,,,,,,,
35,mattmurph,say,guy,get,ass,kick,ballot,box,,,,,,,
36,chrisdjackson,comic,joebiden,command,lead,primari,increas,turnout,state,wonu,,,,,
37,borntobeeemild,passion,life,excit,need,,,,,,,,,,
38,thehil,sen,berni,sander,joe,,,,,,,,,,
39,thehil,sen,berni,sander,joe,,,,,,,,,,
40,rebelpatriotpix,thehil,excit,iuv,quit,ucexcitementud,year,bazillion,lifetim,wantu,,,,,
41,neeratanden,place,measur,enthusiasm,ballot,box,,,,,,,,,
42,rmonolisa,jungkook,,,,,,,,,,,,,
43,trump,demolish,biden,terribl,send,man,cognit,impair,socu,,,,,,
44,mattmurph,say,guy,get,ass,kick,ballot,box,,,,,,,
45,rmonolisa,jungkook,,,,,,,,,,,,,
46,apassionforpaw,stole,heart,,,,,,,,,,,,
47,excit,,,,,,,,,,,,,,
48,liveskuato,hey,peopleberni,kylekulinski,mattbind,,,,,,,,,,
49,notcapnamerica,far,heu,brought,peopl,vote,,,,,,,,,
50,razingarizona,thehil,berni,,,,,,,,,,,,
51,skylineempress,throb,excit,hop,uddudcuddudc,nrt,wan,na,jump,udeudduddudc,,,,,
52,chrisjollyhal,joebiden,got,million,vote,,,,,,,,,,
53,notcapnamerica,far,heu,brought,peopl,vote,,,,,,,,,
54,neeratanden,place,measur,enthusiasm,ballot,box,,,,,,,,,
55,bakit,iba,yung,excit,ko,pag,chat,mo,nababasa,kouddudec,,,,,
56,neeratanden,place,measur,enthusiasm,ballot,box,,,,,,,,,
57,paulgreenwel,custom,vid,naughtytyi,ive,lost,count,,,,,,,,
58,jkfeck,mean,,,,,,,,,,,,,
59,voter,pretti,super,tuesday,show,lot,enthusiasm,joe,did,,,,,,
60,notcapnamerica,far,heu,brought,peopl,vote,,,,,,,,,
61,mattmurph,say,guy,get,ass,kick,ballot,box,,,,,,,
62,pick,med,singl,person,strike,convo,eithernhow,prepau,,,,,,,
63,chrisdjackson,comic,joebiden,command,lead,primari,increas,turnout,state,wonu,,,,,
64,raffin,thehil,excit,berni,,,,,,,,,,,
65,mattmurph,say,guy,get,ass,kick,ballot,box,,,,,,,
66,judykemp,your,vocal,your,have,sex,,,,,,,,,
67,kaivanshroff,berni,claim,increas,turnout,didnut,nnjoe,claim,turnout,state,biden,won,httu,,
68,cmclymer,respect,sen,sander,,,,,,,,,,,
69,thehil,berni,think,major,american,peopl,look,excit,presidentnnyet,anotheru,,,,,
70,doe,berni,understand,unproduct,statement,just,madenno,matter,neg,berni,say,biden,,,
71,skylineempress,throb,excit,hop,uddudcuddudc,nrt,wan,na,jump,udeudduddudc,,,,,
72,fordjohnathan,joe,proven,heu,go,ucgain,confid,american,peopleudnnth,peopl,vote,biden,byu,,
73,gruntvolt,boostif,sonic,like,travel,world,live,excit,hed,wind,soleanna,pou,,,
74,rcdewint,berni,,,,,,,,,,,,,
75,bcdreyer,ive,excit,,,,,,,,,,,,
76,mattmurph,say,guy,get,ass,kick,ballot,box,,,,,,,
77,yoongi,laugh,littl,suitcas,gestur,car,jimin,nod,,,,,,,
78,notcapnamerica,far,heu,brought,peopl,vote,,,,,,,,,
79,neeratanden,place,measur,enthusiasm,ballot,box,,,,,,,,,
80,notcapnamerica,far,heu,brought,peopl,vote,,,,,,,,,
81,hawaiidelilah,million,american,say,ye,nnpopular,vote,count,democrat,primari,far,nnbiden,,,
82,justamicrodip,seen,come,bullshit,twitter,furi,earli,jan,china,headlin,max,eu,,,
83,raffin,thehil,thereu,excit,biden,trump,field,day,joedementia,,,,,,
84,ye,,,,,,,,,,,,,,
85,skylineempress,throb,excit,hop,uddudcuddudc,nrt,wan,na,jump,udeudduddudc,,,,,
86,marshalljuliu,year,make,,,,,,,,,,,,
87,berniesand,peopl,donut,want,ucexcitementud,nnpeopl,exhaust,nnwe,wantngood,old,fashion,decenc,amp,compu,
88,notcapnamerica,far,heu,brought,peopl,vote,,,,,,,,,
89,bhoadventur,bassproshop,iuv,watch,excit,build,,,,,,,,,
90,ye,joebiden,heu,driven,turnout,,,,,,,,,,
91,chrisdjackson,comic,joebiden,command,lead,primari,increas,turnout,state,wonu,,,,,
92,mattmurph,im,sick,selfish,po,,,,,,,,,,
93,thehil,sen,berni,sander,joe,,,,,,,,,,
94,rebelpatriotpix,thehil,excit,iuv,quit,ucexcitementud,year,bazillion,lifetim,wantu,,,,,
95,vetthebern,biden,berni,support,video,game,vote,,,,,,,,
96,mass,repo,tweet,heavili,edit,berni,appear,sick,theyr,desper,click,time,uufefu,,
97,hawaiidelilah,million,american,say,ye,nnpopular,vote,count,democrat,primari,far,nnbiden,,,
98,mask,djsnoverplayedneveryon,know,arenboringnnmask,murderersnadd,excitementnha,purposenbett,halloween,,,,,,,
99,linkerbilli,thehil,ive,vote,elect,motiv,excitementu,,,,,,,,
100,icdesu,felt,excit,,,,,,,,,,,,
101,thehil,sen,berni,sander,joe,,,,,,,,,,
102,ambernewslv,newslv,gezz,,,,,,,,,,,,
103,hawaiidelilah,million,american,say,ye,nnpopular,vote,count,democrat,primari,far,nnbiden,,,
104,iofbvh,mass,report,tweet,heavili,edit,berni,appear,sick,theyr,desper,click,time,uufef,
105,notcapnamerica,far,heu,brought,peopl,vote,,,,,,,,,
106,jayvossen,great,excit,,,,,,,,,,,,
107,neeratanden,place,measur,enthusiasm,ballot,box,,,,,,,,,
108,razingarizona,thehil,berni,,,,,,,,,,,,
109,hawaiidelilah,million,american,say,ye,nnpopular,vote,count,democrat,primari,far,nnbiden,,,
110,rmonolisa,jungkook,,,,,,,,,,,,,
111,cmclymer,respect,sen,sander,,,,,,,,,,,
112,notcapnamerica,he,live,altern,realiti,gener,excit,beat,trumu,,,,,,
113,thehil,sen,berni,sander,joe,,,,,,,,,,
114,jiiiiuuuuu,,,,,,,,,,,,,,
115,wxdam,lot,valid,critiqu,biden,,,,,,,,,,
116,tomorrow,slack,countri,cup,hip,jam,terrain,park,decid,open,guest,pm,,,
117,peac,mind,strength,inner,charact,address,navig,present,stay,away,knu,,,,
118,baddiebx,need,excit,life,whew,,,,,,,,,,
119,chrisdjackson,comic,joebiden,command,lead,primari,increas,turnout,state,wonu,,,,,
120,shuailormoon,love,way,joshuau,eye,widen,amp,excit,,,,,,,
121,look,like,tomorrow,debat,go,lit,,,,,,,,,
122,berni,sander,suppoer,obsess,idea,ucexcitementud,necessari,compon,ofu,,,,,,
123,amanealo,brook,follow,professor,stair,consider,excit,,,,,,,,
124,vetthebern,biden,berni,support,video,game,vote,,,,,,,,
125,kaivanshroff,berni,claim,increas,turnout,didnut,nnjoe,claim,turnout,state,biden,won,,,
126,notcapnamerica,far,heu,brought,peopl,vote,,,,,,,,,
127,chrisdjackson,comic,joebiden,command,lead,primari,increas,turnout,state,wonu,,,,,
128,jayvossen,great,excit,,,,,,,,,,,,
129,vinxi,laezei,hat,omar,rain,day,thatu,extent,excit,life,,,,,
130,hawaiidelilah,million,american,say,ye,nnpopular,vote,count,democrat,primari,far,nnbiden,,,
131,lazversal,week,ago,cj,post,imag,ucfak,newsud,thought,cyber,forens,imag,led,,
132,minjiimini,yoongi,laugh,littl,suitcas,gestur,car,jimin,nod,,,,,,
133,rmonolisa,jungkook,,,,,,,,,,,,,
134,neeratanden,place,measur,enthusiasm,ballot,box,,,,,,,,,
135,jeaniesound,mask,djsnoverplayedneveryon,know,arenboringnnmask,murderersnadd,excitementnha,purposenbett,fu,,,,,,
136,thehil,sen,berni,sander,joe,,,,,,,,,,
137,shuailormoon,love,way,joshuau,eye,widen,amp,excit,,,,,,,
138,kaivanshroff,berni,claim,increas,turnout,didnut,nnjoe,claim,turnout,state,biden,won,httu,,
139,saturdaythought,excit,movi,collidervideo,teamactionshow,,,,,,,,,,
140,iofbvh,mass,report,tweet,heavili,edit,berni,appear,sick,theyr,desper,click,time,uufef,
141,rmonolisa,jungkook,,,,,,,,,,,,,
142,chrisdjackson,comic,joebiden,command,lead,primari,increas,turnout,state,wonu,,,,,
143,rmonolisa,jungkook,,,,,,,,,,,,,
144,nigga,shut,fuck,,,,,,,,,,,,
145,donut,think,peopl,understand,excit,kinda,suck,,,,,,,,
146,contentedindi,guy,line,line,,,,,,,,,,,
147,thehil,sen,berni,sander,joe,,,,,,,,,,
148,thehil,confid,need,excit,oh,,,,,,,,,,
149,neeratanden,place,measur,enthusiasm,ballot,box,,,,,,,,,
150,creat,excit,organ,,,,,,,,,,,,
151,thehil,sen,berni,sander,joe,,,,,,,,,,
152,uaudcudffeudeudddudcudff,,,,,,,,,,,,,,
153,neeratanden,place,measur,enthusiasm,ballot,box,,,,,,,,,
154,thehil,sen,berni,sander,joe,,,,,,,,,,
155,michellmybel,surgerysleep,lalanamour,rithcheng,teiusiii,donholtmac,nicomanocchio,leeperdigu,,,,,,,
156,enhanc,today,excit,,,,,,,,,,,,
157,thehil,theyr,old,men,dont,think,go,creat,excit,gener,,,,,
158,drive,turnout,pipe,dream,unpreced,histor,turnout,hasnut,happen,sou,,,,,
159,bendi,hyperventil,excit,,,,,,,,,,,,
160,neeratanden,place,measur,enthusiasm,ballot,box,,,,,,,,,
161,iofbvh,mass,report,tweet,heavili,edit,berni,appear,sick,theyr,desper,click,time,uufef,
162,thehil,caus,berni,scream,excit,nndropoutberni,,,,,,,,,
163,agre,sander,need,excit,candid,like,excit,vote,theu,,,,,,
164,thehil,sen,berni,sander,joe,,,,,,,,,,
165,ium,enteain,impress,men,day,like,whereu,excit,essenc,amp,bore,ass,convers,,
166,minjiimini,yoongi,laugh,littl,suitcas,gestur,car,jimin,nod,,,,,,
167,omumacaw,stop,daydream,soon,kitten,babi,tail,have,dream,uddudcudeuddcuddudcuddudcnnold,art,,,,
168,raffin,thehil,bern,biden,vote,deleg,thereu,excit,nominationnndu,,,,,,
169,sabrinasu,bhoadventur,bassproshop,iuv,watch,excit,build,,,,,,,,
170,neeratanden,place,measur,enthusiasm,ballot,box,,,,,,,,,
171,drpeterlang,trump,demolish,biden,terribl,send,man,cognit,impair,sociopathu,,,,,
172,akasshagupta,spotboy,delet,tweet,poke,hole,articl,intend,creat,issu,asimriazsu,,,,
173,thehil,sen,berni,sander,joe,,,,,,,,,,
174,ung,excit,na,napuno,nalang,ng,lungkot,,,,,,,,
175,neeratanden,place,measur,enthusiasm,ballot,box,,,,,,,,,
176,neeratanden,place,measur,enthusiasm,ballot,box,,,,,,,,,
177,omumacaw,stop,daydream,soon,kitten,babi,tail,have,dream,uddudcudeuddcuddudcuddudcnnold,art,,,,
178,rmonolisa,jungkook,,,,,,,,,,,,,
179,chrisdjackson,comic,joebiden,command,lead,primari,increas,turnout,state,wonu,,,,,
180,ladychan,hold,excit,world,knownni,voic,zee,proof,concept,birth,broken,memou,,,
181,neeratanden,place,measur,enthusiasm,ballot,box,,,,,,,,,
182,rmonolisa,jungkook,,,,,,,,,,,,,
183,um,,,,,,,,,,,,,,
184,rmonolisa,jungkook,,,,,,,,,,,,,
185,passion,life,excit,need,,,,,,,,,,,
186,chrisdjackson,comic,joebiden,command,lead,primari,increas,turnout,state,wonu,,,,,
187,fordjohnathan,joe,proven,heu,go,ucgain,confid,american,peopleudnnth,peopl,vote,biden,byu,,
188,skylineempress,throb,excit,hop,uddudcuddudc,nrt,wan,na,jump,udeudduddudc,,,,,
189,crazi,berni,smh,,,,,,,,,,,,
190,neeratanden,place,measur,enthusiasm,ballot,box,,,,,,,,,
191,vabvox,yr,old,run,term,candid,st,nd,choicesharri,warrenhad,best,policu,,,
192,thehil,sen,berni,sander,joe,,,,,,,,,,
193,neeratanden,place,measur,enthusiasm,ballot,box,,,,,,,,,
194,thehil,true,excit,primari,deleg,count,,,,,,,,,
195,far,heu,brought,peopl,vote,,,,,,,,,,
196,neeratanden,place,measur,enthusiasm,ballot,box,,,,,,,,,
197,fordjohnathan,joe,proven,heu,go,ucgain,confid,american,peopleudnnth,peopl,vote,biden,byu,,
198,final,finish,resid,evil,zero,bigger,excit,crazi,gift,sub,wereu,,,,
199,old,man,screech,berni,doe,excit,,,,,,,,,
200,notcapnamerica,far,heu,brought,peopl,vote,,,,,,,,,
201,did,excit,need,defeat,,,,,,,,,,,
202,drsteventchen,iuv,work,littl,project,harvard,dermatolog,resid,hunker,covid,nnbeingu,,,,
203,neeratanden,place,measur,enthusiasm,ballot,box,,,,,,,,,
204,chrisdjackson,comic,joebiden,command,lead,primari,increas,turnout,state,wonu,,,,,
205,thehil,berniesand,donut,excit,energi,did,runner,god,doe,know,work,,,,
206,rockspreeran,pvais,bhi,hamari,shaadi,ho,chuki,hunk,patni,pati,men,chalta,huuddudeanpsacchiiunksacchiiuddudeaunptheek,hai,phiruuddudednishhhtheu
207,girl,oka,nvm,udeudd,,,,,,,,,,,
208,thehil,berniesand,ask,question,show,extent,disconnect,realitu,,,,,,,
209,chrisdjackson,comic,joebiden,command,lead,primari,increas,turnout,state,wonu,,,,,
210,look,sunburn,,,,,,,,,,,,,
211,notcapnamerica,far,heu,brought,peopl,vote,,,,,,,,,
212,mattmurph,say,guy,get,ass,kick,ballot,box,,,,,,,
213,chrisdjackson,comic,joebiden,command,lead,primari,increas,turnout,state,wonu,,,,,
214,borntobeeemild,passion,life,excit,need,,,,,,,,,,
215,thehil,sen,berni,sander,joe,,,,,,,,,,
216,thehil,sen,berni,sander,joe,,,,,,,,,,
217,rebelpatriotpix,thehil,excit,iuv,quit,ucexcitementud,year,bazillion,lifetim,wantu,,,,,
218,neeratanden,place,measur,enthusiasm,ballot,box,,,,,,,,,
219,rmonolisa,jungkook,,,,,,,,,,,,,
220,trump,demolish,biden,terribl,send,man,cognit,impair,socu,,,,,,
221,mattmurph,say,guy,get,ass,kick,ballot,box,,,,,,,
222,rmonolisa,jungkook,,,,,,,,,,,,,
223,apassionforpaw,stole,heart,,,,,,,,,,,,
224,excit,,,,,,,,,,,,,,
225,liveskuato,hey,peopleberni,kylekulinski,mattbind,,,,,,,,,,
226,notcapnamerica,far,heu,brought,peopl,vote,,,,,,,,,
227,razingarizona,thehil,berni,,,,,,,,,,,,
228,skylineempress,throb,excit,hop,uddudcuddudc,nrt,wan,na,jump,udeudduddudc,,,,,
229,chrisjollyhal,joebiden,got,million,vote,,,,,,,,,,
230,notcapnamerica,far,heu,brought,peopl,vote,,,,,,,,,
231,neeratanden,place,measur,enthusiasm,ballot,box,,,,,,,,,
232,bakit,iba,yung,excit,ko,pag,chat,mo,nababasa,kouddudec,,,,,
233,neeratanden,place,measur,enthusiasm,ballot,box,,,,,,,,,
234,paulgreenwel,custom,vid,naughtytyi,ive,lost,count,,,,,,,,
235,jkfeck,mean,,,,,,,,,,,,,
236,voter,pretti,super,tuesday,show,lot,enthusiasm,joe,did,,,,,,
237,notcapnamerica,far,heu,brought,peopl,vote,,,,,,,,,
238,mattmurph,say,guy,get,ass,kick,ballot,box,,,,,,,
239,pick,med,singl,person,strike,convo,eithernhow,prepau,,,,,,,
240,chrisdjackson,comic,joebiden,command,lead,primari,increas,turnout,state,wonu,,,,,
241,raffin,thehil,excit,berni,,,,,,,,,,,
242,mattmurph,say,guy,get,ass,kick,ballot,box,,,,,,,
243,judykemp,your,vocal,your,have,sex,,,,,,,,,
244,kaivanshroff,berni,claim,increas,turnout,didnut,nnjoe,claim,turnout,state,biden,won,httu,,
245,cmclymer,respect,sen,sander,,,,,,,,,,,
246,thehil,berni,think,major,american,peopl,look,excit,presidentnnyet,anotheru,,,,,
247,doe,berni,understand,unproduct,statement,just,madenno,matter,neg,berni,say,biden,,,
248,skylineempress,throb,excit,hop,uddudcuddudc,nrt,wan,na,jump,udeudduddudc,,,,,
249,fordjohnathan,joe,proven,heu,go,ucgain,confid,american,peopleudnnth,peopl,vote,biden,byu,,
250,gruntvolt,boostif,sonic,like,travel,world,live,excit,hed,wind,soleanna,pou,,,
251,rcdewint,berni,,,,,,,,,,,,,
252,bcdreyer,ive,excit,,,,,,,,,,,,
253,mattmurph,say,guy,get,ass,kick,ballot,box,,,,,,,
254,yoongi,laugh,littl,suitcas,gestur,car,jimin,nod,,,,,,,
255,notcapnamerica,far,heu,brought,peopl,vote,,,,,,,,,
256,neeratanden,place,measur,enthusiasm,ballot,box,,,,,,,,,
257,notcapnamerica,far,heu,brought,peopl,vote,,,,,,,,,
258,hawaiidelilah,million,american,say,ye,nnpopular,vote,count,democrat,primari,far,nnbiden,,,
259,justamicrodip,seen,come,bullshit,twitter,furi,earli,jan,china,headlin,max,eu,,,
260,raffin,thehil,thereu,excit,biden,trump,field,day,joedementia,,,,,,
261,ye,,,,,,,,,,,,,,
262,skylineempress,throb,excit,hop,uddudcuddudc,nrt,wan,na,jump,udeudduddudc,,,,,
263,marshalljuliu,year,make,,,,,,,,,,,,
264,berniesand,peopl,donut,want,ucexcitementud,nnpeopl,exhaust,nnwe,wantngood,old,fashion,decenc,amp,compu,
265,notcapnamerica,far,heu,brought,peopl,vote,,,,,,,,,
266,bhoadventur,bassproshop,iuv,watch,excit,build,,,,,,,,,
267,ye,joebiden,heu,driven,turnout,,,,,,,,,,
268,chrisdjackson,comic,joebiden,command,lead,primari,increas,turnout,state,wonu,,,,,
269,mattmurph,im,sick,selfish,po,,,,,,,,,,
270,thehil,sen,berni,sander,joe,,,,,,,,,,
271,rebelpatriotpix,thehil,excit,iuv,quit,ucexcitementud,year,bazillion,lifetim,wantu,,,,,
272,vetthebern,biden,berni,support,video,game,vote,,,,,,,,
273,mass,repo,tweet,heavili,edit,berni,appear,sick,theyr,desper,click,time,uufefu,,
274,hawaiidelilah,million,american,say,ye,nnpopular,vote,count,democrat,primari,far,nnbiden,,,
275,mask,djsnoverplayedneveryon,know,arenboringnnmask,murderersnadd,excitementnha,purposenbett,halloween,,,,,,,
276,linkerbilli,thehil,ive,vote,elect,motiv,excitementu,,,,,,,,
277,icdesu,felt,excit,,,,,,,,,,,,
278,thehil,sen,berni,sander,joe,,,,,,,,,,
279,ambernewslv,newslv,gezz,,,,,,,,,,,,
280,hawaiidelilah,million,american,say,ye,nnpopular,vote,count,democrat,primari,far,nnbiden,,,
281,iofbvh,mass,report,tweet,heavili,edit,berni,appear,sick,theyr,desper,click,time,uufef,
282,notcapnamerica,far,heu,brought,peopl,vote,,,,,,,,,
283,jayvossen,great,excit,,,,,,,,,,,,
284,neeratanden,place,measur,enthusiasm,ballot,box,,,,,,,,,
285,razingarizona,thehil,berni,,,,,,,,,,,,
286,hawaiidelilah,million,american,say,ye,nnpopular,vote,count,democrat,primari,far,nnbiden,,,
287,rmonolisa,jungkook,,,,,,,,,,,,,
288,cmclymer,respect,sen,sander,,,,,,,,,,,
289,notcapnamerica,he,live,altern,realiti,gener,excit,beat,trumu,,,,,,
290,thehil,sen,berni,sander,joe,,,,,,,,,,
291,jiiiiuuuuu,,,,,,,,,,,,,,
292,wxdam,lot,valid,critiqu,biden,,,,,,,,,,
293,tomorrow,slack,countri,cup,hip,jam,terrain,park,decid,open,guest,pm,,,
294,peac,mind,strength,inner,charact,address,navig,present,stay,away,knu,,,,
295,baddiebx,need,excit,life,whew,,,,,,,,,,
296,chrisdjackson,comic,joebiden,command,lead,primari,increas,turnout,state,wonu,,,,,
297,shuailormoon,love,way,joshuau,eye,widen,amp,excit,,,,,,,
298,look,like,tomorrow,debat,go,lit,,,,,,,,,
299,berni,sander,suppoer,obsess,idea,ucexcitementud,necessari,compon,ofu,,,,,,
300,amanealo,brook,follow,professor,stair,consider,excit,,,,,,,,
301,vetthebern,biden,berni,support,video,game,vote,,,,,,,,
302,kaivanshroff,berni,claim,increas,turnout,didnut,nnjoe,claim,turnout,state,biden,won,,,
303,notcapnamerica,far,heu,brought,peopl,vote,,,,,,,,,
304,chrisdjackson,comic,joebiden,command,lead,primari,increas,turnout,state,wonu,,,,,
305,jayvossen,great,excit,,,,,,,,,,,,
306,vinxi,laezei,hat,omar,rain,day,thatu,extent,excit,life,,,,,
307,hawaiidelilah,million,american,say,ye,nnpopular,vote,count,democrat,primari,far,nnbiden,,,
308,lazversal,week,ago,cj,post,imag,ucfak,newsud,thought,cyber,forens,imag,led,,
309,minjiimini,yoongi,laugh,littl,suitcas,gestur,car,jimin,nod,,,,,,
310,rmonolisa,jungkook,,,,,,,,,,,,,
311,neeratanden,place,measur,enthusiasm,ballot,box,,,,,,,,,
312,jeaniesound,mask,djsnoverplayedneveryon,know,arenboringnnmask,murderersnadd,excitementnha,purposenbett,fu,,,,,,
313,thehil,sen,berni,sander,joe,,,,,,,,,,
314,shuailormoon,love,way,joshuau,eye,widen,amp,excit,,,,,,,
315,kaivanshroff,berni,claim,increas,turnout,didnut,nnjoe,claim,turnout,state,biden,won,httu,,
316,saturdaythought,excit,movi,collidervideo,teamactionshow,,,,,,,,,,
317,iofbvh,mass,report,tweet,heavili,edit,berni,appear,sick,theyr,desper,click,time,uufef,
318,rmonolisa,jungkook,,,,,,,,,,,,,
319,chrisdjackson,comic,joebiden,command,lead,primari,increas,turnout,state,wonu,,,,,
320,rmonolisa,jungkook,,,,,,,,,,,,,
321,nigga,shut,fuck,,,,,,,,,,,,
322,donut,think,peopl,understand,excit,kinda,suck,,,,,,,,
323,contentedindi,guy,line,line,,,,,,,,,,,
324,thehil,sen,berni,sander,joe,,,,,,,,,,
325,thehil,confid,need,excit,oh,,,,,,,,,,
326,neeratanden,place,measur,enthusiasm,ballot,box,,,,,,,,,
327,creat,excit,organ,,,,,,,,,,,,
328,thehil,sen,berni,sander,joe,,,,,,,,,,
329,uaudcudffeudeudddudcudff,,,,,,,,,,,,,,
330,neeratanden,place,measur,enthusiasm,ballot,box,,,,,,,,,
331,thehil,sen,berni,sander,joe,,,,,,,,,,
332,michellmybel,surgerysleep,lalanamour,rithcheng,teiusiii,donholtmac,nicomanocchio,leeperdigu,,,,,,,
333,enhanc,today,excit,,,,,,,,,,,,
334,thehil,theyr,old,men,dont,think,go,creat,excit,gener,,,,,
335,drive,turnout,pipe,dream,unpreced,histor,turnout,hasnut,happen,sou,,,,,
336,bendi,hyperventil,excit,,,,,,,,,,,,
337,neeratanden,place,measur,enthusiasm,ballot,box,,,,,,,,,
338,iofbvh,mass,report,tweet,heavili,edit,berni,appear,sick,theyr,desper,click,time,uufef,
339,thehil,caus,berni,scream,excit,nndropoutberni,,,,,,,,,
340,agre,sander,need,excit,candid,like,excit,vote,theu,,,,,,
341,thehil,sen,berni,sander,joe,,,,,,,,,,
342,ium,enteain,impress,men,day,like,whereu,excit,essenc,amp,bore,ass,convers,,
343,minjiimini,yoongi,laugh,littl,suitcas,gestur,car,jimin,nod,,,,,,
344,omumacaw,stop,daydream,soon,kitten,babi,tail,have,dream,uddudcudeuddcuddudcuddudcnnold,art,,,,
345,raffin,thehil,bern,biden,vote,deleg,thereu,excit,nominationnndu,,,,,,
346,sabrinasu,bhoadventur,bassproshop,iuv,watch,excit,build,,,,,,,,
347,neeratanden,place,measur,enthusiasm,ballot,box,,,,,,,,,
348,drpeterlang,trump,demolish,biden,terribl,send,man,cognit,impair,sociopathu,,,,,
349,akasshagupta,spotboy,delet,tweet,poke,hole,articl,intend,creat,issu,asimriazsu,,,,
350,thehil,sen,berni,sander,joe,,,,,,,,,,
351,ung,excit,na,napuno,nalang,ng,lungkot,,,,,,,,
352,neeratanden,place,measur,enthusiasm,ballot,box,,,,,,,,,
353,neeratanden,place,measur,enthusiasm,ballot,box,,,,,,,,,
