0,yeonjunrul,littl,compil,yeonjun,live,vocal,,,,,,,,,,,
1,mixtrixfix,did,want,assum,ye,pleasant,nerverack,surpris,,,,,,,,,
2,thetetonway,just,let,yuall,know,place,countri,retain,saniti,just,pleasant,tripu,,,,,
3,mhbaskin,inspir,nextdoor,post,jonstewartancd,anc,,,,,,,,,,,
4,yhazoni,mind,,,,,,,,,,,,,,,
5,crystalegg,nbcsandiego,hello,bag,area,pleasant,surpris,udeudd,,,,,,,,,
6,shout,work,retail,custom,servic,rn,,,,,,,,,,,
7,nancydil,good,night,friend,,,,,,,,,,,,,
8,think,sta,follow,lacymb,book,rec,fact,sheu,current,neck,wood,pu,,,,,
9,speakerpelosi,agre,nanci,itu,pleasant,behav,trump,,,,,,,,,,
10,yeonjunrul,littl,compil,yeonjun,live,vocal,,,,,,,,,,,
11,ananavarro,serious,stop,act,like,privileg,asshol,say,experi,store,today,reu,,,,,
12,brought,memoriesfeel,instantli,returnedne,experi,firsthand,soon,,,,,,,,,,
13,hildrk,forget,beauti,pleasant,good,peopl,havenut,met,,,,,,,,,
14,hot,stone,massag,warmer,muscl,better,therapi,pleasant,spirit,,,,,,,,
15,worldli,woman,scare,quit,littl,rock,,,,,,,,,,,
16,tonight,night,playua,feat,sia,btstwt,mostrequestedl,mostrequestliveuauauau,,,,,,,,,
17,mrharish,awww,uddud,cute,ale,udeudd,glad,know,pleasant,flight,wish,lil,shine,su,,,
18,avenaim,ive,tri,,,,,,,,,,,,,,
19,behold,,,,,,,,,,,,,,,,
20,usedcig,pleasant,unpleas,sleep,,,,,,,,,,,,,
21,ye,pleasant,way,,,,,,,,,,,,,,
22,night,night,,,,,,,,,,,,,,,
23,crystalchappel,good,night,,,,,,,,,,,,,,
24,ivibhatweedi,amaz,women,root,rashami,bag,naagin,nnrati,pandey,pleasant,surprisennhimanshi,rashu,,,,,
25,goodnight,pray,good,night,sleep,pleasant,dream,stay,love,compassion,tou,,,,,,
26,famili,fun,time,hatm,tonight,thank,pleasant,distract,what,,,,,,,,
27,pleasant,massag,wichita,fall,chocol,iheaaward,,,,,,,,,,,
28,phxfire,today,rememb,sacrific,brave,hero,march,,,,,,,,,,
29,bkgsalazar,chavezhshisd,abchouston,teamhisd,hisdwraparound,commschool,pleasant,surpris,run,today,,,,,,,
30,rosaleeadam,caliphatecrush,dontcavit,mcginnkeven,ujblack,wcwinc,demsrdop,jacklarkin,helluvashowu,,,,,,,,
31,yeonjunrul,littl,compil,yeonjun,live,vocal,,,,,,,,,,,
32,im,head,bed,need,pillow,comfo,weari,head,good,night,pleasant,dream,,,,,
33,lhleo,kind,amp,pleasant,employe,store,shop,fault,store,stock,eu,,,,,,
34,true,love,make,sit,latrob,think,odor,pleasant,,,,,,,,,
35,bonniezeeg,ium,finna,live,mt,pleasant,,,,,,,,,,,
36,pleasant,human,,,,,,,,,,,,,,,
37,charliedaniel,sweet,dream,pleasant,sleep,charli,uddudeuufef,,,,,,,,,,
38,sadhgurujv,tri,extract,life,emot,,,,,,,,,,,,
39,itu,pleasant,watch,thisnk,ngotoffici,got,uacucub,,,,,,,,,,
40,thekeelog,theduck,phoboska,nimbusnugget,cherylynn,sawyerhackett,doe,thing,stupid,au,,,,,,,
41,timothyweng,realkimstov,dwwarnock,wife,pastor,small,congreg,mt,pleasant,,,,,,,,
42,jh,mssliberti,sanhedrin,encourag,know,form,magic,amp,divin,master,sorceri,despit,prohibu,,,,
43,riviashunt,good,night,geralt,,,,,,,,,,,,,
44,renoomokri,pepper,harsh,tomato,gentl,combin,,,,,,,,,,,
45,meowligarchi,cycl,pleasant,keepa,effect,strong,,,,,,,,,,,
46,sarahdemp,admiraljello,theovo,itsi,fav,panic,cover,unknown,listen,regularlyu,,,,,,,
47,philyccdawah,itu,pleasant,day,downtown,philadelphia,th,market,invit,peopl,correct,belief,woru,,,,
48,pattiannprinzi,galeladi,hailmari,plaggemeyle,countryboot,sharonlovesmacg,pleasant,dream,,,,,,,,,
49,doodisgirl,pleasant,dream,,,,,,,,,,,,,,
50,glitterem,day,success,deed,,,,,,,,,,,,,
51,tonight,night,playua,feat,sia,btstwt,mostrequestedl,mostrequestliveuauauau,,,,,,,,,
52,yeonjunrul,littl,compil,yeonjun,live,vocal,,,,,,,,,,,
53,giapaig,hello,gia,good,even,hope,today,nice,pleasant,saturday,sta,weekend,hope,your,enu,,
54,dbashidea,time,rabbi,mosh,weinberg,,,,,,,,,,,,
55,practic,socialdistanc,jump,boat,cruis,find,quiet,spot,theu,,,,,,,,
56,thing,vishnundtv,basic,valu,speak,imbib,ndtv,littl,consequ,meamp,sinu,,,,,,
57,lhleo,kind,amp,pleasant,employe,store,shop,fault,store,stock,eu,,,,,,
58,girlfriend,nice,teen,minx,beauti,maiden,peri,fair,ladi,pleasant,beautytip,flexiblegirl,,,,,
59,there,complic,life,complic,lifesimpl,pleasant,thing,,,,,,,,,,
60,im,adult,begin,januari,,,,,,,,,,,,,
61,miracleescap,vanessa,kiss,cheek,return,,,,,,,,,,,,
62,day,begin,beauti,year,pleasant,surpris,,,,,,,,,,,
63,krystalbal,want,commend,excel,work,do,right,see,reemerg,leader,oneu,,,,,,
64,riteaid,pleasant,hill,ca,contra,costa,blvd,,,,,,,,,,
65,fionasunni,girlfriend,nice,teen,minx,beauti,maiden,peri,fair,ladi,pleasant,beautytip,flexiblegirl,,,,
66,rabbikolakowski,dbashidea,time,rabbi,mosh,weinberg,,,,,,,,,,,
67,let,fall,eah,pleasant,,,,,,,,,,,,,
68,sistermorfin,know,man,udcudfauddudc,,,,,,,,,,,,,
69,heeraman,thing,vishnundtv,basic,valu,speak,imbib,ndtv,littl,consequ,meamp,ru,,,,,
70,thetetonway,just,let,yuall,know,place,countri,retain,saniti,just,pleasant,tripu,,,,,
71,wmbbtv,practic,socialdistanc,jump,boat,cruis,find,quiet,spot,sand,somewheu,,,,,,
72,hope,limit,,,,,,,,,,,,,,,
73,helpubmatenuchelpuccmutnnounnnoun,helpmeetna,help,companion,paner,,,,,,,,,,,,
74,hresvoulg,famili,rude,royal,,,,,,,,,,,,,
75,thenehajoshi,uttarakhandi,pride,devbhoomi,emot,play,just,narrow,self,iu,,,,,,,
76,wait,long,line,today,,,,,,,,,,,,,
77,emoebi,snow,pleasant,distract,,,,,,,,,,,,,
78,pleasant,valley,softbal,top,ukiah,close,tournament,local,roundup,,,,,,,,
79,pleasant,valley,softbal,top,ukiah,close,tournament,local,roundup,,,,,,,,
80,major,love,postthread,beastar,namidst,scare,,,,,,,,,,,
81,archr,msdipika,ni,pleasant,emot,sonakshi,rshe,calm,powerfulnnkaranvgrov,cutest,emot,dru,,,,,
82,liatootril,realli,thought,knew,,,,,,,,,,,,,
83,akchick,jbow,neighbor,went,stewleonard,success,meat,,,,,,,,,,
84,marcosbreton,went,groceri,store,plenti,stuff,peopl,pleasant,didnt,appear,hoard,wu,,,,,
85,yamilesmendez,uddudec,rememb,watch,theater,canut,believ,weur,live,version,thatu,,,,,,
86,lhleo,kind,amp,pleasant,employe,store,shop,fault,store,stock,eu,,,,,,
87,osumommadoc,oh,know,peopl,just,donut,know,pleasant,,,,,,,,,
88,idleguid,fancafennmiyeon,happi,white,day,unneverlanduddudedndid,pleasant,day,wish,closer,soon,ttneat,wellu,,,,
89,pleasant,massag,new,orlean,clip,god,,,,,,,,,,,
90,heeraman,thing,vishnundtv,basic,valu,speak,imbib,ndtv,littl,consequ,meamp,ru,,,,,
91,shiekissxx,sia,btstwt,mostrequestl,tonight,night,playua,feat,sia,btstwt,onu,,,,,,
92,berni,sander,sabotag,campaign,nice,pleasant,,,,,,,,,,,
93,psalm,na,song,degre,david,nbehold,,,,,,,,,,,
94,zenzio,pleasant,hear,nice,,,,,,,,,,,,,
95,fuckbamboni,berni,sander,sabotag,campaign,nice,pleasant,,,,,,,,,,
96,true,love,allow,sit,latrin,odor,pleasant,,,,,,,,,,
97,fuckbamboni,berni,sander,sabotag,campaign,nice,pleasant,,,,,,,,,,
98,donim,anim,cross,new,horizon,gon,na,come,week,weur,gon,na,post,neat,littl,pictur,islandsu
99,junytoc,pleasant,hill,road,,,,,,,,,,,,,
100,thought,spin,tonight,skin,crawl,pleasant,,,,,,,,,,,
101,fuckbamboni,berni,sander,sabotag,campaign,nice,pleasant,,,,,,,,,,
102,yeonjunrul,littl,compil,yeonjun,live,vocal,,,,,,,,,,,
103,fuckbamboni,berni,sander,sabotag,campaign,nice,pleasant,,,,,,,,,,
104,fuckbamboni,berni,sander,sabotag,campaign,nice,pleasant,,,,,,,,,,
105,nsrpodcast,petubriubchornucpeucctrubkufrnn,pleasant,smell,frequent,accompani,rain,long,period,warm,,,,,,,
106,glitterem,day,success,deed,,,,,,,,,,,,,
107,pleasant,fruiti,beer,lot,sediment,that,ok,drink,buck,peach,pilot,burscough,,,,,
108,fuckbamboni,berni,sander,sabotag,campaign,nice,pleasant,,,,,,,,,,
109,sophiecoyn,oh,arenut,pleasant,convers,lol,,,,,,,,,,,
110,antoinebv,quartier,mount,pleasant,ue,washington,dc,,,,,,,,,,
111,orchid,,,,,,,,,,,,,,,,
112,felicitydisco,local,folk,,,,,,,,,,,,,,
113,book,review,distribut,land,owner,england,incid,conserv,natur,wu,,,,,,,
114,fuckbamboni,berni,sander,sabotag,campaign,nice,pleasant,,,,,,,,,,
115,hope,special,day,bring,hea,desir,hereu,wish,day,pleasant,surprisesu,,,,,,
116,long,warm,finish,pleasant,fruiti,sparkl,coastcabcrit,harlan,puppysomm,approv,,,,,,,
117,ruben,said,ium,nice,pleasant,ium,mean,personveri,unapproach,wmf,boyfriend,sale,irepair,,,,
118,jh,mssliberti,sanhedrin,encourag,know,form,magic,amp,divin,master,sorceri,despit,prohibu,,,,
119,fuckbamboni,berni,sander,sabotag,campaign,nice,pleasant,,,,,,,,,,
120,fuckbamboni,berni,sander,sabotag,campaign,nice,pleasant,,,,,,,,,,
121,femal,pleasant,grovennu,unntot,recommend,uddud,,,,,,,,,,,
122,fuckbamboni,berni,sander,sabotag,campaign,nice,pleasant,,,,,,,,,,
123,larxrakshult,pleasant,demon,arcanin,like,come,join,nnabsolut,beast,commiss,dear,fu,,,,,
124,toddtrott,good,morn,nnpsalm,nbehold,,,,,,,,,,,,
125,antoinebv,quartier,mount,pleasant,ue,washington,dc,,,,,,,,,,
126,ufffdcom,code,like,clean,bathroom,want,,,,,,,,,,,
127,disturbedliam,nod,nodnn,havent,lot,peopl,nice,pleasantu,,,,,,,,,
128,herbwarren,high,school,,,,,,,,,,,,,,
129,butterflykatten,good,night,butterflykatten,pleasant,dream,,,,,,,,,,,
130,pleasant,chap,,,,,,,,,,,,,,,
131,fuckbamboni,berni,sander,sabotag,campaign,nice,pleasant,,,,,,,,,,
132,that,good,nn,look,pleasant,,,,,,,,,,,,
133,daughter,visit,store,today,employe,,,,,,,,,,,,
134,fuckbamboni,berni,sander,sabotag,campaign,nice,pleasant,,,,,,,,,,
135,sadmoonanalog,justinlev,yeah,pleasant,surpris,there,new,,,,,,,,,,
136,hope,special,day,bring,hea,desir,hereu,wish,day,pleasant,surprisesu,,,,,,
137,ivibhatweedi,amaz,women,root,rashami,bag,naagin,nnrati,pandey,pleasant,surprisennhimanshi,rashu,,,,,
138,glitterem,day,success,deed,,,,,,,,,,,,,
139,ivibhatweedi,amaz,women,root,rashami,bag,naagin,nnrati,pandey,pleasant,surprisennhimanshi,rashu,,,,,
140,sarita,tqnhave,pleasant,day,dear,sarita,,,,,,,,,,,
141,yellsat,eligit,jameshamblin,introvert,,,,,,,,,,,,,
142,nsrpodcast,petubriubchornucpeucctrubkufrnn,pleasant,smell,frequent,accompani,rain,long,period,warm,,,,,,,
143,new,post,uu,uueuufufubu,uue,uuuuue,uuc,uuuu,uufu,,,,,,,,
144,chees,uch,move,situat,join,militaryudnnhuh,seungri,shoulduv,join,year,ago,did,nu,,,,
145,mostrequestl,onairromeo,meghantrainor,chelseacutl,askanythingchat,harrystyl,pleasant,youu,,,,,,,,,
146,hope,special,day,bring,hea,desir,hereu,wish,day,pleasant,surprisesu,,,,,,
147,there,complic,life,complic,lifesimpl,pleasant,thing,,,,,,,,,,
148,there,complic,life,complic,lifesimpl,pleasant,thing,,,,,,,,,,
149,there,complic,life,complic,lifesimpl,pleasant,thing,,,,,,,,,,
150,there,complic,life,complic,lifesimpl,pleasant,thing,,,,,,,,,,
151,there,complic,life,complic,lifesimpl,pleasant,thing,,,,,,,,,,
152,incubi,dream,demon,,,,,,,,,,,,,,
153,good,morn,youand,pleasant,sunday,,,,,,,,,,,,
154,fuckbamboni,berni,sander,sabotag,campaign,nice,pleasant,,,,,,,,,,
155,philyccdawah,itu,pleasant,day,downtown,philadelphia,th,market,invit,peopl,correct,belief,woru,,,,
156,pleasant,massag,missouri,seri,panti,,,,,,,,,,,,
157,galaxybt,tonight,night,playua,feat,sia,btstwt,mostrequestedliveu,,,,,,,,,
158,yeonjunrul,littl,compil,yeonjun,live,vocal,,,,,,,,,,,
159,mixtrixfix,did,want,assum,ye,pleasant,nerverack,surpris,,,,,,,,,
160,thetetonway,just,let,yuall,know,place,countri,retain,saniti,just,pleasant,tripu,,,,,
161,mhbaskin,inspir,nextdoor,post,jonstewartancd,anc,,,,,,,,,,,
162,yhazoni,mind,,,,,,,,,,,,,,,
163,crystalegg,nbcsandiego,hello,bag,area,pleasant,surpris,udeudd,,,,,,,,,
164,shout,work,retail,custom,servic,rn,,,,,,,,,,,
165,nancydil,good,night,friend,,,,,,,,,,,,,
166,think,sta,follow,lacymb,book,rec,fact,sheu,current,neck,wood,pu,,,,,
167,speakerpelosi,agre,nanci,itu,pleasant,behav,trump,,,,,,,,,,
168,yeonjunrul,littl,compil,yeonjun,live,vocal,,,,,,,,,,,
169,ananavarro,serious,stop,act,like,privileg,asshol,say,experi,store,today,reu,,,,,
170,brought,memoriesfeel,instantli,returnedne,experi,firsthand,soon,,,,,,,,,,
171,hildrk,forget,beauti,pleasant,good,peopl,havenut,met,,,,,,,,,
172,hot,stone,massag,warmer,muscl,better,therapi,pleasant,spirit,,,,,,,,
173,worldli,woman,scare,quit,littl,rock,,,,,,,,,,,
174,tonight,night,playua,feat,sia,btstwt,mostrequestedl,mostrequestliveuauauau,,,,,,,,,
175,mrharish,awww,uddud,cute,ale,udeudd,glad,know,pleasant,flight,wish,lil,shine,su,,,
176,avenaim,ive,tri,,,,,,,,,,,,,,
177,behold,,,,,,,,,,,,,,,,
178,usedcig,pleasant,unpleas,sleep,,,,,,,,,,,,,
179,ye,pleasant,way,,,,,,,,,,,,,,
180,night,night,,,,,,,,,,,,,,,
181,crystalchappel,good,night,,,,,,,,,,,,,,
182,ivibhatweedi,amaz,women,root,rashami,bag,naagin,nnrati,pandey,pleasant,surprisennhimanshi,rashu,,,,,
183,goodnight,pray,good,night,sleep,pleasant,dream,stay,love,compassion,tou,,,,,,
184,famili,fun,time,hatm,tonight,thank,pleasant,distract,what,,,,,,,,
185,pleasant,massag,wichita,fall,chocol,iheaaward,,,,,,,,,,,
186,phxfire,today,rememb,sacrific,brave,hero,march,,,,,,,,,,
187,bkgsalazar,chavezhshisd,abchouston,teamhisd,hisdwraparound,commschool,pleasant,surpris,run,today,,,,,,,
188,rosaleeadam,caliphatecrush,dontcavit,mcginnkeven,ujblack,wcwinc,demsrdop,jacklarkin,helluvashowu,,,,,,,,
189,yeonjunrul,littl,compil,yeonjun,live,vocal,,,,,,,,,,,
190,im,head,bed,need,pillow,comfo,weari,head,good,night,pleasant,dream,,,,,
191,lhleo,kind,amp,pleasant,employe,store,shop,fault,store,stock,eu,,,,,,
192,true,love,make,sit,latrob,think,odor,pleasant,,,,,,,,,
193,bonniezeeg,ium,finna,live,mt,pleasant,,,,,,,,,,,
194,pleasant,human,,,,,,,,,,,,,,,
195,charliedaniel,sweet,dream,pleasant,sleep,charli,uddudeuufef,,,,,,,,,,
196,sadhgurujv,tri,extract,life,emot,,,,,,,,,,,,
197,itu,pleasant,watch,thisnk,ngotoffici,got,uacucub,,,,,,,,,,
198,thekeelog,theduck,phoboska,nimbusnugget,cherylynn,sawyerhackett,doe,thing,stupid,au,,,,,,,
199,timothyweng,realkimstov,dwwarnock,wife,pastor,small,congreg,mt,pleasant,,,,,,,,
200,jh,mssliberti,sanhedrin,encourag,know,form,magic,amp,divin,master,sorceri,despit,prohibu,,,,
201,riviashunt,good,night,geralt,,,,,,,,,,,,,
202,renoomokri,pepper,harsh,tomato,gentl,combin,,,,,,,,,,,
203,meowligarchi,cycl,pleasant,keepa,effect,strong,,,,,,,,,,,
204,sarahdemp,admiraljello,theovo,itsi,fav,panic,cover,unknown,listen,regularlyu,,,,,,,
205,philyccdawah,itu,pleasant,day,downtown,philadelphia,th,market,invit,peopl,correct,belief,woru,,,,
206,pattiannprinzi,galeladi,hailmari,plaggemeyle,countryboot,sharonlovesmacg,pleasant,dream,,,,,,,,,
207,doodisgirl,pleasant,dream,,,,,,,,,,,,,,
208,glitterem,day,success,deed,,,,,,,,,,,,,
209,tonight,night,playua,feat,sia,btstwt,mostrequestedl,mostrequestliveuauauau,,,,,,,,,
210,yeonjunrul,littl,compil,yeonjun,live,vocal,,,,,,,,,,,
211,giapaig,hello,gia,good,even,hope,today,nice,pleasant,saturday,sta,weekend,hope,your,enu,,
212,dbashidea,time,rabbi,mosh,weinberg,,,,,,,,,,,,
213,practic,socialdistanc,jump,boat,cruis,find,quiet,spot,theu,,,,,,,,
214,thing,vishnundtv,basic,valu,speak,imbib,ndtv,littl,consequ,meamp,sinu,,,,,,
215,lhleo,kind,amp,pleasant,employe,store,shop,fault,store,stock,eu,,,,,,
216,girlfriend,nice,teen,minx,beauti,maiden,peri,fair,ladi,pleasant,beautytip,flexiblegirl,,,,,
217,there,complic,life,complic,lifesimpl,pleasant,thing,,,,,,,,,,
218,im,adult,begin,januari,,,,,,,,,,,,,
219,miracleescap,vanessa,kiss,cheek,return,,,,,,,,,,,,
220,day,begin,beauti,year,pleasant,surpris,,,,,,,,,,,
221,krystalbal,want,commend,excel,work,do,right,see,reemerg,leader,oneu,,,,,,
222,riteaid,pleasant,hill,ca,contra,costa,blvd,,,,,,,,,,
223,fionasunni,girlfriend,nice,teen,minx,beauti,maiden,peri,fair,ladi,pleasant,beautytip,flexiblegirl,,,,
224,rabbikolakowski,dbashidea,time,rabbi,mosh,weinberg,,,,,,,,,,,
225,let,fall,eah,pleasant,,,,,,,,,,,,,
226,sistermorfin,know,man,udcudfauddudc,,,,,,,,,,,,,
227,heeraman,thing,vishnundtv,basic,valu,speak,imbib,ndtv,littl,consequ,meamp,ru,,,,,
228,thetetonway,just,let,yuall,know,place,countri,retain,saniti,just,pleasant,tripu,,,,,
229,wmbbtv,practic,socialdistanc,jump,boat,cruis,find,quiet,spot,sand,somewheu,,,,,,
230,hope,limit,,,,,,,,,,,,,,,
231,helpubmatenuchelpuccmutnnounnnoun,helpmeetna,help,companion,paner,,,,,,,,,,,,
232,hresvoulg,famili,rude,royal,,,,,,,,,,,,,
233,thenehajoshi,uttarakhandi,pride,devbhoomi,emot,play,just,narrow,self,iu,,,,,,,
234,wait,long,line,today,,,,,,,,,,,,,
235,emoebi,snow,pleasant,distract,,,,,,,,,,,,,
236,pleasant,valley,softbal,top,ukiah,close,tournament,local,roundup,,,,,,,,
237,pleasant,valley,softbal,top,ukiah,close,tournament,local,roundup,,,,,,,,
238,major,love,postthread,beastar,namidst,scare,,,,,,,,,,,
239,archr,msdipika,ni,pleasant,emot,sonakshi,rshe,calm,powerfulnnkaranvgrov,cutest,emot,dru,,,,,
240,liatootril,realli,thought,knew,,,,,,,,,,,,,
241,akchick,jbow,neighbor,went,stewleonard,success,meat,,,,,,,,,,
242,marcosbreton,went,groceri,store,plenti,stuff,peopl,pleasant,didnt,appear,hoard,wu,,,,,
243,yamilesmendez,uddudec,rememb,watch,theater,canut,believ,weur,live,version,thatu,,,,,,
244,lhleo,kind,amp,pleasant,employe,store,shop,fault,store,stock,eu,,,,,,
245,osumommadoc,oh,know,peopl,just,donut,know,pleasant,,,,,,,,,
246,idleguid,fancafennmiyeon,happi,white,day,unneverlanduddudedndid,pleasant,day,wish,closer,soon,ttneat,wellu,,,,
247,pleasant,massag,new,orlean,clip,god,,,,,,,,,,,
248,heeraman,thing,vishnundtv,basic,valu,speak,imbib,ndtv,littl,consequ,meamp,ru,,,,,
249,shiekissxx,sia,btstwt,mostrequestl,tonight,night,playua,feat,sia,btstwt,onu,,,,,,
250,berni,sander,sabotag,campaign,nice,pleasant,,,,,,,,,,,
251,psalm,na,song,degre,david,nbehold,,,,,,,,,,,
252,zenzio,pleasant,hear,nice,,,,,,,,,,,,,
253,fuckbamboni,berni,sander,sabotag,campaign,nice,pleasant,,,,,,,,,,
254,true,love,allow,sit,latrin,odor,pleasant,,,,,,,,,,
255,fuckbamboni,berni,sander,sabotag,campaign,nice,pleasant,,,,,,,,,,
256,donim,anim,cross,new,horizon,gon,na,come,week,weur,gon,na,post,neat,littl,pictur,islandsu
257,junytoc,pleasant,hill,road,,,,,,,,,,,,,
258,thought,spin,tonight,skin,crawl,pleasant,,,,,,,,,,,
259,fuckbamboni,berni,sander,sabotag,campaign,nice,pleasant,,,,,,,,,,
260,yeonjunrul,littl,compil,yeonjun,live,vocal,,,,,,,,,,,
261,fuckbamboni,berni,sander,sabotag,campaign,nice,pleasant,,,,,,,,,,
262,fuckbamboni,berni,sander,sabotag,campaign,nice,pleasant,,,,,,,,,,
263,nsrpodcast,petubriubchornucpeucctrubkufrnn,pleasant,smell,frequent,accompani,rain,long,period,warm,,,,,,,
264,glitterem,day,success,deed,,,,,,,,,,,,,
265,pleasant,fruiti,beer,lot,sediment,that,ok,drink,buck,peach,pilot,burscough,,,,,
266,fuckbamboni,berni,sander,sabotag,campaign,nice,pleasant,,,,,,,,,,
267,sophiecoyn,oh,arenut,pleasant,convers,lol,,,,,,,,,,,
268,antoinebv,quartier,mount,pleasant,ue,washington,dc,,,,,,,,,,
269,orchid,,,,,,,,,,,,,,,,
270,felicitydisco,local,folk,,,,,,,,,,,,,,
271,book,review,distribut,land,owner,england,incid,conserv,natur,wu,,,,,,,
272,fuckbamboni,berni,sander,sabotag,campaign,nice,pleasant,,,,,,,,,,
273,hope,special,day,bring,hea,desir,hereu,wish,day,pleasant,surprisesu,,,,,,
274,long,warm,finish,pleasant,fruiti,sparkl,coastcabcrit,harlan,puppysomm,approv,,,,,,,
275,ruben,said,ium,nice,pleasant,ium,mean,personveri,unapproach,wmf,boyfriend,sale,irepair,,,,
276,jh,mssliberti,sanhedrin,encourag,know,form,magic,amp,divin,master,sorceri,despit,prohibu,,,,
277,fuckbamboni,berni,sander,sabotag,campaign,nice,pleasant,,,,,,,,,,
278,fuckbamboni,berni,sander,sabotag,campaign,nice,pleasant,,,,,,,,,,
279,femal,pleasant,grovennu,unntot,recommend,uddud,,,,,,,,,,,
280,fuckbamboni,berni,sander,sabotag,campaign,nice,pleasant,,,,,,,,,,
281,larxrakshult,pleasant,demon,arcanin,like,come,join,nnabsolut,beast,commiss,dear,fu,,,,,
282,toddtrott,good,morn,nnpsalm,nbehold,,,,,,,,,,,,
283,antoinebv,quartier,mount,pleasant,ue,washington,dc,,,,,,,,,,
284,ufffdcom,code,like,clean,bathroom,want,,,,,,,,,,,
285,disturbedliam,nod,nodnn,havent,lot,peopl,nice,pleasantu,,,,,,,,,
286,herbwarren,high,school,,,,,,,,,,,,,,
287,butterflykatten,good,night,butterflykatten,pleasant,dream,,,,,,,,,,,
288,pleasant,chap,,,,,,,,,,,,,,,
289,fuckbamboni,berni,sander,sabotag,campaign,nice,pleasant,,,,,,,,,,
290,that,good,nn,look,pleasant,,,,,,,,,,,,
291,daughter,visit,store,today,employe,,,,,,,,,,,,
292,fuckbamboni,berni,sander,sabotag,campaign,nice,pleasant,,,,,,,,,,
293,sadmoonanalog,justinlev,yeah,pleasant,surpris,there,new,,,,,,,,,,
294,hope,special,day,bring,hea,desir,hereu,wish,day,pleasant,surprisesu,,,,,,
295,ivibhatweedi,amaz,women,root,rashami,bag,naagin,nnrati,pandey,pleasant,surprisennhimanshi,rashu,,,,,
296,glitterem,day,success,deed,,,,,,,,,,,,,
297,ivibhatweedi,amaz,women,root,rashami,bag,naagin,nnrati,pandey,pleasant,surprisennhimanshi,rashu,,,,,
298,sarita,tqnhave,pleasant,day,dear,sarita,,,,,,,,,,,
299,yellsat,eligit,jameshamblin,introvert,,,,,,,,,,,,,
300,nsrpodcast,petubriubchornucpeucctrubkufrnn,pleasant,smell,frequent,accompani,rain,long,period,warm,,,,,,,
301,new,post,uu,uueuufufubu,uue,uuuuue,uuc,uuuu,uufu,,,,,,,,
302,chees,uch,move,situat,join,militaryudnnhuh,seungri,shoulduv,join,year,ago,did,nu,,,,
303,mostrequestl,onairromeo,meghantrainor,chelseacutl,askanythingchat,harrystyl,pleasant,youu,,,,,,,,,
304,hope,special,day,bring,hea,desir,hereu,wish,day,pleasant,surprisesu,,,,,,
305,there,complic,life,complic,lifesimpl,pleasant,thing,,,,,,,,,,
306,there,complic,life,complic,lifesimpl,pleasant,thing,,,,,,,,,,
307,there,complic,life,complic,lifesimpl,pleasant,thing,,,,,,,,,,
308,there,complic,life,complic,lifesimpl,pleasant,thing,,,,,,,,,,
309,there,complic,life,complic,lifesimpl,pleasant,thing,,,,,,,,,,
310,incubi,dream,demon,,,,,,,,,,,,,,
311,good,morn,youand,pleasant,sunday,,,,,,,,,,,,
312,fuckbamboni,berni,sander,sabotag,campaign,nice,pleasant,,,,,,,,,,
313,philyccdawah,itu,pleasant,day,downtown,philadelphia,th,market,invit,peopl,correct,belief,woru,,,,
314,pleasant,massag,missouri,seri,panti,,,,,,,,,,,,
315,galaxybt,tonight,night,playua,feat,sia,btstwt,mostrequestedliveu,,,,,,,,,
