0,cultgoo,wait,surpris,uddudclt,,,,,,,,,,,,,,,,
1,rexchapman,year,,,,,,,,,,,,,,,,,,
2,yattakita,uufefueueuffntap,surpris,,,,,,,,,,,,,,,,,
3,melissaafr,wine,store,jam,big,surpris,,,,,,,,,,,,,,
4,republican,,,,,,,,,,,,,,,,,,,
5,itu,surpris,nn,joke,oru,,,,,,,,,,,,,,,
6,mendezalinee,test,posit,loyal,af,,,,,,,,,,,,,,,
7,musicmantrasmm,say,whuut,uddudenanoth,surpris,drop,team,master,today,pm,udcuddfudcuddf,time,vaathiraid,time,readi,uddudduau,,,,
8,cultgoo,wait,surpris,uddudclt,,,,,,,,,,,,,,,,
9,btsxcanada,littl,surpris,mix,tonight,udeuddf,btstwtnnthank,djclymaxxx,setitoff,,,,,,,,,,,
10,rexchapman,year,,,,,,,,,,,,,,,,,,
11,eliistend,man,,,,,,,,,,,,,,,,,,
12,elfamosopaulo,uaufefcontrol,surpriseuaufef,nmettez,la,video,la,plu,bizarr,votr,pellicul,sou,ce,tweet,,,,,,
13,yattakita,uufefueueuffntap,surpris,,,,,,,,,,,,,,,,,
14,transxlov,uddudccwhat,nice,surpris,uddudcc,nudcuddeb,udcuddf,udcuddf,udcuddf,udcuddf,udcuddfc,hot,shemal,content,uddudcncucktsloveruufef,porntran,uddudc,maddietran,uddudca,aliciasmu
15,elishadeloo,knew,eat,dinner,critic,,,,,,,,,,,,,,,
16,yumenodream,daisusrol,iud,like,thank,yuall,make,friendu,day,udeuddaucufefi,just,want,surpris,andu,,,,,,
17,dethrh,open,surpris,,,,,,,,,,,,,,,,,
18,rexchapman,year,,,,,,,,,,,,,,,,,,
19,rexchapman,year,,,,,,,,,,,,,,,,,,
20,btbtbtsssssss,wasnut,expect,hear,btstwtu,tonight,itu,welcom,surpris,thank,djclymaxxx,devobrown,uddudd,setitoffu,,,,,,
21,sethtweet,holi,moli,,,,,,,,,,,,,,,,,
22,cultgoo,wait,surpris,uddudclt,,,,,,,,,,,,,,,,
23,mendezalinee,test,posit,loyal,af,,,,,,,,,,,,,,,
24,urgentnew,year,,,,,,,,,,,,,,,,,,
25,cultgoo,wait,surpris,uddudclt,,,,,,,,,,,,,,,,
26,sboffici,atin,,,,,,,,,,,,,,,,,,
27,eroseniyn,sandalistajkt,yestodoyyy,open,surpris,cntik,,,,,,,,,,,,,,
28,rawstori,surpris,surpris,surpris,gopchairwoman,polit,hack,just,like,rest,swamp,,,,,,,,,
29,stormymomo,play,surpris,uddudcuddudcuddudc,,,,,,,,,,,,,,,,
30,realjameswood,new,zealand,announc,uworldu,toughest,border,restrictionsu,fight,coronaviru,oneu,surpris,onlu,,,,,,,
31,dethrh,open,surpris,,,,,,,,,,,,,,,,,
32,caslernoel,trumpu,hotel,resort,super,dirti,,,,,,,,,,,,,,
33,blakesmustach,question,public,inform,august,wait,closer,elect,withu,,,,,,,,,,,
34,bernardokath,thank,peopleasia,honor,includ,list,uddudchuuug,thank,littu,,,,,,,,,,,
35,markbuckawicki,time,surpris,alien,overlord,upris,,,,,,,,,,,,,,
36,gothgyrl,good,morn,,,,,,,,,,,,,,,,,
37,lol,surpris,payuddudcuddudc,,,,,,,,,,,,,,,,,
38,transxlov,uddudccwhat,nice,surpris,uddudcc,nudcuddeb,udcuddf,udcuddf,udcuddf,udcuddf,udcuddfc,hot,shemal,content,uddudcncucktsloveruufef,porntran,uddudc,maddietran,uddudca,aliciasmu
39,arlettemtorr,test,posit,dumbass,,,,,,,,,,,,,,,,
40,billmah,peopl,call,coronaviru,wuhan,flu,twitter,littl,insensit,like,call,herp,cu,,,,,,,
41,triplegxxx,surpris,bareba,colbi,tucker,amp,myle,landon,uddudebuddudc,uddudc,uddud,,,,,,,,,
42,rexchapman,year,,,,,,,,,,,,,,,,,,
43,thank,suppo,patreon,right,,,,,,,,,,,,,,,,
44,noon,store,right,point,backhand,index,surpris,gift,discount,nhurri,use,coupon,au,,,,,,,
45,roofnai,jwaintraub,effectiv,,,,,,,,,,,,,,,,,
46,drdenagrayson,trump,complet,bungl,rollout,coronaviru,test,,,,,,,,,,,,,
47,miwon,im,yell,hoshi,switch,surpris,vlive,amp,jeonghan,pass,flush,sound,yall,theu,,,,,,
48,drdenagrayson,trump,complet,bungl,rollout,coronaviru,test,,,,,,,,,,,,,
49,jedi,abandon,time,master,left,die,rattatak,happen,tano,comesu,,,,,,,,,,
50,thewirein,shahfaes,gunda,hooligan,scholar,graduat,harvard,anybodi,vouch,doesnu,,,,,,,,,,
51,caslernoel,trumpu,hotel,resort,super,dirti,,,,,,,,,,,,,,
52,mendezalinee,test,posit,loyal,af,,,,,,,,,,,,,,,
53,donttrythi,caus,quit,surpris,accident,turn,,,,,,,,,,,,,,
54,andalasfess,ga,seru,dong,,,,,,,,,,,,,,,,
55,hijabunicorn,siapa,yang,tak,pernah,dapat,surpris,rt,tweet,nnmeh,miss,akan,pilih,sorang,utk,miss,bagi,exclus,set,utku
56,caslernoel,trumpu,hotel,resort,super,dirti,,,,,,,,,,,,,,
57,ohiobr,surpris,theyr,demograph,listen,presid,fox,news,downplay,week,,,,,,,,,,
58,mendezalinee,test,posit,loyal,af,,,,,,,,,,,,,,,
59,caslernoel,trumpu,hotel,resort,super,dirti,,,,,,,,,,,,,,
60,musicmantrasmm,say,whuut,uddudenanoth,surpris,drop,team,master,today,pm,udcuddfudcuddf,time,vaathiraid,time,readi,uddudduau,,,,
61,cpgurnani,receiv,stori,amp,messag,folk,return,abroad,express,surpris,,,,,,,,,,
62,yay,,,,,,,,,,,,,,,,,,,
63,realjameswood,new,zealand,announc,uworldu,toughest,border,restrictionsu,fight,coronaviru,oneu,surpris,onlu,,,,,,,
64,puroboricua,rt,fap,surpris,dm,sex,uuu,,,,,,,,,,,,,
65,dethrh,open,surpris,,,,,,,,,,,,,,,,,
66,dethrh,open,surpris,,,,,,,,,,,,,,,,,
67,realjameswood,new,zealand,announc,uworldu,toughest,border,restrictionsu,fight,coronaviru,oneu,surpris,onlu,,,,,,,
68,yattakita,uufefueueuffntap,surpris,,,,,,,,,,,,,,,,,
69,caslernoel,trumpu,hotel,resort,super,dirti,,,,,,,,,,,,,,
70,dethrh,open,surpris,,,,,,,,,,,,,,,,,
71,rexchapman,year,,,,,,,,,,,,,,,,,,
72,azin,open,surpris,,,,,,,,,,,,,,,,,
73,dethrh,open,surpris,,,,,,,,,,,,,,,,,
74,im,sad,animeboston,cancel,excit,give,mike,ticket,surpriseuddud,,,,,,,,,,,
75,dugalira,surpris,moratorium,lift,gautambhai,co,withdrew,huge,deposit,au,,,,,,,,,,
76,qlgve,uufdueubucufuuauuauuucuuuufubbfuudueauuuuauuucbuuuuufcuueuaufueubufuuauuufuufubufcuauauebudueueuuubjkuuunnsixton,youu,,,,,,,,,,,,,,,,,
77,realjameswood,new,zealand,announc,uworldu,toughest,border,restrictionsu,fight,coronaviru,oneu,surpris,onlu,,,,,,,
78,jakehillx,retweet,surpris,dmsuddudeudeuddauddud,,,,,,,,,,,,,,,,
79,caslernoel,trumpu,hotel,resort,super,dirti,,,,,,,,,,,,,,
80,drdenagrayson,trump,complet,bungl,rollout,coronaviru,test,,,,,,,,,,,,,
81,hijabunicorn,siapa,yang,tak,pernah,dapat,surpris,rt,tweet,nnmeh,miss,akan,pilih,sorang,utk,miss,bagi,exclus,set,utku
82,surpris,absolut,,,,,,,,,,,,,,,,,,
83,utzsnack,nation,potato,chip,day,come,week,wed,love,hear,favorit,utz,chip,pictur,encourag,,,,,
84,cultgoo,wait,surpris,uddudclt,,,,,,,,,,,,,,,,
85,cultgoo,wait,surpris,uddudclt,,,,,,,,,,,,,,,,
86,levantguy,urg,speak,arab,infront,arab,public,like,surpris,bitch,im,yaz,,,,,,,,
87,rexchapman,year,,,,,,,,,,,,,,,,,,
88,cxplore,love,surpriseuddudena,toy,babi,boyudeudd,,,,,,,,,,,,,,
89,mkvenu,sbi,,,,,,,,,,,,,,,,,,
90,miwon,im,yell,hoshi,switch,surpris,vlive,amp,jeonghan,pass,flush,sound,yall,theu,,,,,,
91,cultgoo,wait,surpris,uddudclt,,,,,,,,,,,,,,,,
92,realjameswood,new,zealand,announc,uworldu,toughest,border,restrictionsu,fight,coronaviru,oneu,surpris,onlu,,,,,,,
93,xanderberkeley,vote,rememb,novemb,,,,,,,,,,,,,,,,
94,caslernoel,trumpu,hotel,resort,super,dirti,,,,,,,,,,,,,,
95,thmoff,year,,,,,,,,,,,,,,,,,,
96,mikeystephen,dave,portnoy,proviru,doesnut,surpris,,,,,,,,,,,,,,
97,caslernoel,trumpu,hotel,resort,super,dirti,,,,,,,,,,,,,,
98,jonathanba,life,panopli,surprisesnnthi,surpris,expect,happen,quit,wau,,,,,,,,,,,
99,sagepw,click,surpris,,,,,,,,,,,,,,,,,
100,caslernoel,trumpu,hotel,resort,super,dirti,,,,,,,,,,,,,,
101,lolitakitti,follow,bientuft,une,uenorm,surpris,arriv,,,,,,,,,,,,,
102,caslernoel,trumpu,hotel,resort,super,dirti,,,,,,,,,,,,,,
103,caslernoel,trumpu,hotel,resort,super,dirti,,,,,,,,,,,,,,
104,caslernoel,trumpu,hotel,resort,super,dirti,,,,,,,,,,,,,,
105,asvpxbvrii,littl,thing,make,happi,chariti,,,,,,,,,,,,,,
106,cpgurnani,receiv,stori,amp,messag,folk,return,abroad,express,surpris,,,,,,,,,,
107,adamjoshdotcom,spacetreasur,uddudeuddud,surpris,bituddud,,,,,,,,,,,,,,,
108,caslernoel,trumpu,hotel,resort,super,dirti,,,,,,,,,,,,,,
109,blckdcompilld,true,born,numb,shit,,,,,,,,,,,,,,,
110,josephsakran,kidcasteel,joncoopeweet,repswalwel,fredguttenberg,davidhogg,andrewyang,cameronkaskyu,,,,,,,,,,,,
111,isso,fez,dar,um,sorrisinho,bobo,,,,,,,,,,,,,,
112,surpris,trump,dr,say,test,neg,,,,,,,,,,,,,,
113,davidvj,master,ubaaubfubaubcdubaubbfubb,ubaaubcaubbfubaf,surpris,ububbubcububcdububb,ubaaubb,ubeubaubcdubaubaubcd,ububaubcdubfubcubaaubbfubfubbfububcdub,gana,balachand,master,vaathiraid,masteraudiolaunch,,,,,,
114,mendezalinee,test,posit,loyal,af,,,,,,,,,,,,,,,
115,caslernoel,trumpu,hotel,resort,super,dirti,,,,,,,,,,,,,,
116,realjameswood,new,zealand,announc,uworldu,toughest,border,restrictionsu,fight,coronaviru,oneu,surpris,onlu,,,,,,,
117,stephen,,,,,,,,,,,,,,,,,,,
118,caslernoel,trumpu,hotel,resort,super,dirti,,,,,,,,,,,,,,
119,caslernoel,trumpu,hotel,resort,super,dirti,,,,,,,,,,,,,,
120,cpgurnani,receiv,stori,amp,messag,folk,return,abroad,express,surpris,,,,,,,,,,
121,utzsnack,nation,potato,chip,day,come,week,wed,love,hear,favorit,utz,chip,pictur,encourag,,,,,
122,oh,,,,,,,,,,,,,,,,,,,
123,royalmrbadnew,talk,marina,abramov,lot,recent,especi,recent,daysnni,surpris,heru,,,,,,,,,
124,drdenagrayson,trump,complet,bungl,rollout,coronaviru,test,,,,,,,,,,,,,
125,caslernoel,trumpu,hotel,resort,super,dirti,,,,,,,,,,,,,,
126,wow,surpris,curv,,,,,,,,,,,,,,,,,
127,caslernoel,trumpu,hotel,resort,super,dirti,,,,,,,,,,,,,,
128,musicmantrasmm,say,whuut,uddudenanoth,surpris,drop,team,master,today,pm,udcuddfudcuddf,time,vaathiraid,time,readi,uddudduau,,,,
129,atilapromo,ufuddudefmzntihgxiueh,fap,surpris,dm,sex,uddudeb,porn,,,,,,,,,,,,
130,dethrh,open,surpris,,,,,,,,,,,,,,,,,
131,festofthesword,eh,,,,,,,,,,,,,,,,,,
132,stephenk,nastyg,stephen,,,,,,,,,,,,,,,,,
133,wonuchw,ohwoozi,everyday,manag,surpris,,,,,,,,,,,,,,,
134,mendezalinee,test,posit,loyal,af,,,,,,,,,,,,,,,
135,forecasterenten,feral,bootsi,bought,udcudf,came,surpris,bonu,uddudc,yard,,,,,,,,,,
136,rexchapman,year,,,,,,,,,,,,,,,,,,
137,briantylercohen,realdonaldtrump,compani,jare,kushner,brother,found,,,,,,,,,,,,,
138,royalmrbadnew,talk,marina,abramov,lot,recent,especi,recent,daysnni,surpris,heru,,,,,,,,,
139,drdenagrayson,trump,complet,bungl,rollout,coronaviru,test,,,,,,,,,,,,,
140,surpris,antivaccin,governor,pandem,brag,nngreat,,,,,,,,,,,,,,
141,gaganotifi,year,ago,today,,,,,,,,,,,,,,,,
142,terisilva,amaz,eisdofsa,peraleseschool,,,,,,,,,,,,,,,,
143,cultgoo,wait,surpris,uddudclt,,,,,,,,,,,,,,,,
144,cultgoo,wait,surpris,uddudclt,,,,,,,,,,,,,,,,
145,davidvj,master,ubaaubfubaubcdubaubbfubb,ubaaubcaubbfubaf,surpris,ububbubcububcdububb,ubaaubb,ubeubaubcdubaubaubcd,ububaubcdubfubcubaaubbfubfubbfububcdub,gana,balachand,master,vaathiraid,masteraudiolaunch,,,,,,
146,tomorrowuddud,canut,waiitttudeudd,,,,,,,,,,,,,,,,,
147,caslernoel,trumpu,hotel,resort,super,dirti,,,,,,,,,,,,,,
148,musicmantrasmm,say,whuut,uddudenanoth,surpris,drop,team,master,today,pm,udcuddfudcuddf,time,vaathiraid,time,readi,uddudduau,,,,
149,caslernoel,trumpu,hotel,resort,super,dirti,,,,,,,,,,,,,,
150,mschocolatet,chocol,ts,creami,surpriseudcudfbuudcudfuddudca,,,,,,,,,,,,,,,
151,caslernoel,trumpu,hotel,resort,super,dirti,,,,,,,,,,,,,,
152,sexuallop,quand,madam,se,duecid,ue,fair,de,nude,surpris,,,,,,,,,,
153,surpris,clay,stream,connect,internet,day,wed,day,clay,,,,,,,,,,,
154,caslernoel,trumpu,hotel,resort,super,dirti,,,,,,,,,,,,,,
155,who,express,surpris,pay,author,profession,rate,surpris,author,worku,,,,,,,,,,
156,luvckyunn,current,statu,nnuaaufef,singl,nuaaufef,taken,nuddudd,wait,surpris,live,ubaacubcaubca,uddudc,,,,,,,
157,rexchapman,year,,,,,,,,,,,,,,,,,,
158,prime,territori,epidem,,,,,,,,,,,,,,,,,
159,drdenagrayson,trump,complet,bungl,rollout,coronaviru,test,,,,,,,,,,,,,
160,dethrh,open,surpris,,,,,,,,,,,,,,,,,
161,simo,fuuuuuuck,,,,,,,,,,,,,,,,,,
162,cultgoo,wait,surpris,uddudclt,,,,,,,,,,,,,,,,
163,rexchapman,year,,,,,,,,,,,,,,,,,,
164,yattakita,uufefueueuffntap,surpris,,,,,,,,,,,,,,,,,
165,melissaafr,wine,store,jam,big,surpris,,,,,,,,,,,,,,
166,republican,,,,,,,,,,,,,,,,,,,
167,itu,surpris,nn,joke,oru,,,,,,,,,,,,,,,
168,mendezalinee,test,posit,loyal,af,,,,,,,,,,,,,,,
169,musicmantrasmm,say,whuut,uddudenanoth,surpris,drop,team,master,today,pm,udcuddfudcuddf,time,vaathiraid,time,readi,uddudduau,,,,
170,cultgoo,wait,surpris,uddudclt,,,,,,,,,,,,,,,,
171,btsxcanada,littl,surpris,mix,tonight,udeuddf,btstwtnnthank,djclymaxxx,setitoff,,,,,,,,,,,
172,rexchapman,year,,,,,,,,,,,,,,,,,,
173,eliistend,man,,,,,,,,,,,,,,,,,,
174,elfamosopaulo,uaufefcontrol,surpriseuaufef,nmettez,la,video,la,plu,bizarr,votr,pellicul,sou,ce,tweet,,,,,,
175,yattakita,uufefueueuffntap,surpris,,,,,,,,,,,,,,,,,
176,transxlov,uddudccwhat,nice,surpris,uddudcc,nudcuddeb,udcuddf,udcuddf,udcuddf,udcuddf,udcuddfc,hot,shemal,content,uddudcncucktsloveruufef,porntran,uddudc,maddietran,uddudca,aliciasmu
177,elishadeloo,knew,eat,dinner,critic,,,,,,,,,,,,,,,
178,yumenodream,daisusrol,iud,like,thank,yuall,make,friendu,day,udeuddaucufefi,just,want,surpris,andu,,,,,,
179,dethrh,open,surpris,,,,,,,,,,,,,,,,,
180,rexchapman,year,,,,,,,,,,,,,,,,,,
181,rexchapman,year,,,,,,,,,,,,,,,,,,
182,btbtbtsssssss,wasnut,expect,hear,btstwtu,tonight,itu,welcom,surpris,thank,djclymaxxx,devobrown,uddudd,setitoffu,,,,,,
183,sethtweet,holi,moli,,,,,,,,,,,,,,,,,
184,cultgoo,wait,surpris,uddudclt,,,,,,,,,,,,,,,,
185,mendezalinee,test,posit,loyal,af,,,,,,,,,,,,,,,
186,urgentnew,year,,,,,,,,,,,,,,,,,,
187,cultgoo,wait,surpris,uddudclt,,,,,,,,,,,,,,,,
188,sboffici,atin,,,,,,,,,,,,,,,,,,
189,eroseniyn,sandalistajkt,yestodoyyy,open,surpris,cntik,,,,,,,,,,,,,,
190,rawstori,surpris,surpris,surpris,gopchairwoman,polit,hack,just,like,rest,swamp,,,,,,,,,
191,stormymomo,play,surpris,uddudcuddudcuddudc,,,,,,,,,,,,,,,,
192,realjameswood,new,zealand,announc,uworldu,toughest,border,restrictionsu,fight,coronaviru,oneu,surpris,onlu,,,,,,,
193,dethrh,open,surpris,,,,,,,,,,,,,,,,,
194,caslernoel,trumpu,hotel,resort,super,dirti,,,,,,,,,,,,,,
195,blakesmustach,question,public,inform,august,wait,closer,elect,withu,,,,,,,,,,,
196,bernardokath,thank,peopleasia,honor,includ,list,uddudchuuug,thank,littu,,,,,,,,,,,
197,markbuckawicki,time,surpris,alien,overlord,upris,,,,,,,,,,,,,,
198,gothgyrl,good,morn,,,,,,,,,,,,,,,,,
199,lol,surpris,payuddudcuddudc,,,,,,,,,,,,,,,,,
200,transxlov,uddudccwhat,nice,surpris,uddudcc,nudcuddeb,udcuddf,udcuddf,udcuddf,udcuddf,udcuddfc,hot,shemal,content,uddudcncucktsloveruufef,porntran,uddudc,maddietran,uddudca,aliciasmu
201,arlettemtorr,test,posit,dumbass,,,,,,,,,,,,,,,,
202,billmah,peopl,call,coronaviru,wuhan,flu,twitter,littl,insensit,like,call,herp,cu,,,,,,,
203,triplegxxx,surpris,bareba,colbi,tucker,amp,myle,landon,uddudebuddudc,uddudc,uddud,,,,,,,,,
204,rexchapman,year,,,,,,,,,,,,,,,,,,
205,thank,suppo,patreon,right,,,,,,,,,,,,,,,,
206,noon,store,right,point,backhand,index,surpris,gift,discount,nhurri,use,coupon,au,,,,,,,
207,roofnai,jwaintraub,effectiv,,,,,,,,,,,,,,,,,
208,drdenagrayson,trump,complet,bungl,rollout,coronaviru,test,,,,,,,,,,,,,
209,miwon,im,yell,hoshi,switch,surpris,vlive,amp,jeonghan,pass,flush,sound,yall,theu,,,,,,
210,drdenagrayson,trump,complet,bungl,rollout,coronaviru,test,,,,,,,,,,,,,
211,jedi,abandon,time,master,left,die,rattatak,happen,tano,comesu,,,,,,,,,,
212,thewirein,shahfaes,gunda,hooligan,scholar,graduat,harvard,anybodi,vouch,doesnu,,,,,,,,,,
213,caslernoel,trumpu,hotel,resort,super,dirti,,,,,,,,,,,,,,
214,mendezalinee,test,posit,loyal,af,,,,,,,,,,,,,,,
215,donttrythi,caus,quit,surpris,accident,turn,,,,,,,,,,,,,,
216,andalasfess,ga,seru,dong,,,,,,,,,,,,,,,,
217,hijabunicorn,siapa,yang,tak,pernah,dapat,surpris,rt,tweet,nnmeh,miss,akan,pilih,sorang,utk,miss,bagi,exclus,set,utku
218,caslernoel,trumpu,hotel,resort,super,dirti,,,,,,,,,,,,,,
219,ohiobr,surpris,theyr,demograph,listen,presid,fox,news,downplay,week,,,,,,,,,,
220,mendezalinee,test,posit,loyal,af,,,,,,,,,,,,,,,
221,caslernoel,trumpu,hotel,resort,super,dirti,,,,,,,,,,,,,,
222,musicmantrasmm,say,whuut,uddudenanoth,surpris,drop,team,master,today,pm,udcuddfudcuddf,time,vaathiraid,time,readi,uddudduau,,,,
223,cpgurnani,receiv,stori,amp,messag,folk,return,abroad,express,surpris,,,,,,,,,,
224,yay,,,,,,,,,,,,,,,,,,,
225,realjameswood,new,zealand,announc,uworldu,toughest,border,restrictionsu,fight,coronaviru,oneu,surpris,onlu,,,,,,,
226,puroboricua,rt,fap,surpris,dm,sex,uuu,,,,,,,,,,,,,
227,dethrh,open,surpris,,,,,,,,,,,,,,,,,
228,dethrh,open,surpris,,,,,,,,,,,,,,,,,
229,realjameswood,new,zealand,announc,uworldu,toughest,border,restrictionsu,fight,coronaviru,oneu,surpris,onlu,,,,,,,
230,yattakita,uufefueueuffntap,surpris,,,,,,,,,,,,,,,,,
231,caslernoel,trumpu,hotel,resort,super,dirti,,,,,,,,,,,,,,
232,dethrh,open,surpris,,,,,,,,,,,,,,,,,
233,rexchapman,year,,,,,,,,,,,,,,,,,,
234,azin,open,surpris,,,,,,,,,,,,,,,,,
235,dethrh,open,surpris,,,,,,,,,,,,,,,,,
236,im,sad,animeboston,cancel,excit,give,mike,ticket,surpriseuddud,,,,,,,,,,,
237,dugalira,surpris,moratorium,lift,gautambhai,co,withdrew,huge,deposit,au,,,,,,,,,,
238,qlgve,uufdueubucufuuauuauuucuuuufubbfuudueauuuuauuucbuuuuufcuueuaufueubufuuauuufuufubufcuauauebudueueuuubjkuuunnsixton,youu,,,,,,,,,,,,,,,,,
239,realjameswood,new,zealand,announc,uworldu,toughest,border,restrictionsu,fight,coronaviru,oneu,surpris,onlu,,,,,,,
240,jakehillx,retweet,surpris,dmsuddudeudeuddauddud,,,,,,,,,,,,,,,,
241,caslernoel,trumpu,hotel,resort,super,dirti,,,,,,,,,,,,,,
242,drdenagrayson,trump,complet,bungl,rollout,coronaviru,test,,,,,,,,,,,,,
243,hijabunicorn,siapa,yang,tak,pernah,dapat,surpris,rt,tweet,nnmeh,miss,akan,pilih,sorang,utk,miss,bagi,exclus,set,utku
244,surpris,absolut,,,,,,,,,,,,,,,,,,
245,utzsnack,nation,potato,chip,day,come,week,wed,love,hear,favorit,utz,chip,pictur,encourag,,,,,
246,cultgoo,wait,surpris,uddudclt,,,,,,,,,,,,,,,,
247,cultgoo,wait,surpris,uddudclt,,,,,,,,,,,,,,,,
248,levantguy,urg,speak,arab,infront,arab,public,like,surpris,bitch,im,yaz,,,,,,,,
249,rexchapman,year,,,,,,,,,,,,,,,,,,
250,cxplore,love,surpriseuddudena,toy,babi,boyudeudd,,,,,,,,,,,,,,
251,mkvenu,sbi,,,,,,,,,,,,,,,,,,
252,miwon,im,yell,hoshi,switch,surpris,vlive,amp,jeonghan,pass,flush,sound,yall,theu,,,,,,
253,cultgoo,wait,surpris,uddudclt,,,,,,,,,,,,,,,,
254,realjameswood,new,zealand,announc,uworldu,toughest,border,restrictionsu,fight,coronaviru,oneu,surpris,onlu,,,,,,,
255,xanderberkeley,vote,rememb,novemb,,,,,,,,,,,,,,,,
256,caslernoel,trumpu,hotel,resort,super,dirti,,,,,,,,,,,,,,
257,thmoff,year,,,,,,,,,,,,,,,,,,
258,mikeystephen,dave,portnoy,proviru,doesnut,surpris,,,,,,,,,,,,,,
259,caslernoel,trumpu,hotel,resort,super,dirti,,,,,,,,,,,,,,
260,jonathanba,life,panopli,surprisesnnthi,surpris,expect,happen,quit,wau,,,,,,,,,,,
261,sagepw,click,surpris,,,,,,,,,,,,,,,,,
262,caslernoel,trumpu,hotel,resort,super,dirti,,,,,,,,,,,,,,
263,lolitakitti,follow,bientuft,une,uenorm,surpris,arriv,,,,,,,,,,,,,
264,caslernoel,trumpu,hotel,resort,super,dirti,,,,,,,,,,,,,,
265,caslernoel,trumpu,hotel,resort,super,dirti,,,,,,,,,,,,,,
266,caslernoel,trumpu,hotel,resort,super,dirti,,,,,,,,,,,,,,
267,asvpxbvrii,littl,thing,make,happi,chariti,,,,,,,,,,,,,,
268,cpgurnani,receiv,stori,amp,messag,folk,return,abroad,express,surpris,,,,,,,,,,
269,adamjoshdotcom,spacetreasur,uddudeuddud,surpris,bituddud,,,,,,,,,,,,,,,
270,caslernoel,trumpu,hotel,resort,super,dirti,,,,,,,,,,,,,,
271,blckdcompilld,true,born,numb,shit,,,,,,,,,,,,,,,
272,josephsakran,kidcasteel,joncoopeweet,repswalwel,fredguttenberg,davidhogg,andrewyang,cameronkaskyu,,,,,,,,,,,,
273,isso,fez,dar,um,sorrisinho,bobo,,,,,,,,,,,,,,
274,surpris,trump,dr,say,test,neg,,,,,,,,,,,,,,
275,davidvj,master,ubaaubfubaubcdubaubbfubb,ubaaubcaubbfubaf,surpris,ububbubcububcdububb,ubaaubb,ubeubaubcdubaubaubcd,ububaubcdubfubcubaaubbfubfubbfububcdub,gana,balachand,master,vaathiraid,masteraudiolaunch,,,,,,
276,mendezalinee,test,posit,loyal,af,,,,,,,,,,,,,,,
277,caslernoel,trumpu,hotel,resort,super,dirti,,,,,,,,,,,,,,
278,realjameswood,new,zealand,announc,uworldu,toughest,border,restrictionsu,fight,coronaviru,oneu,surpris,onlu,,,,,,,
279,stephen,,,,,,,,,,,,,,,,,,,
280,caslernoel,trumpu,hotel,resort,super,dirti,,,,,,,,,,,,,,
281,caslernoel,trumpu,hotel,resort,super,dirti,,,,,,,,,,,,,,
282,cpgurnani,receiv,stori,amp,messag,folk,return,abroad,express,surpris,,,,,,,,,,
283,utzsnack,nation,potato,chip,day,come,week,wed,love,hear,favorit,utz,chip,pictur,encourag,,,,,
284,oh,,,,,,,,,,,,,,,,,,,
285,royalmrbadnew,talk,marina,abramov,lot,recent,especi,recent,daysnni,surpris,heru,,,,,,,,,
286,drdenagrayson,trump,complet,bungl,rollout,coronaviru,test,,,,,,,,,,,,,
287,caslernoel,trumpu,hotel,resort,super,dirti,,,,,,,,,,,,,,
288,wow,surpris,curv,,,,,,,,,,,,,,,,,
289,caslernoel,trumpu,hotel,resort,super,dirti,,,,,,,,,,,,,,
290,musicmantrasmm,say,whuut,uddudenanoth,surpris,drop,team,master,today,pm,udcuddfudcuddf,time,vaathiraid,time,readi,uddudduau,,,,
291,atilapromo,ufuddudefmzntihgxiueh,fap,surpris,dm,sex,uddudeb,porn,,,,,,,,,,,,
292,dethrh,open,surpris,,,,,,,,,,,,,,,,,
293,festofthesword,eh,,,,,,,,,,,,,,,,,,
294,stephenk,nastyg,stephen,,,,,,,,,,,,,,,,,
295,wonuchw,ohwoozi,everyday,manag,surpris,,,,,,,,,,,,,,,
296,mendezalinee,test,posit,loyal,af,,,,,,,,,,,,,,,
297,forecasterenten,feral,bootsi,bought,udcudf,came,surpris,bonu,uddudc,yard,,,,,,,,,,
298,rexchapman,year,,,,,,,,,,,,,,,,,,
299,briantylercohen,realdonaldtrump,compani,jare,kushner,brother,found,,,,,,,,,,,,,
300,royalmrbadnew,talk,marina,abramov,lot,recent,especi,recent,daysnni,surpris,heru,,,,,,,,,
301,drdenagrayson,trump,complet,bungl,rollout,coronaviru,test,,,,,,,,,,,,,
302,surpris,antivaccin,governor,pandem,brag,nngreat,,,,,,,,,,,,,,
303,gaganotifi,year,ago,today,,,,,,,,,,,,,,,,
304,terisilva,amaz,eisdofsa,peraleseschool,,,,,,,,,,,,,,,,
305,cultgoo,wait,surpris,uddudclt,,,,,,,,,,,,,,,,
306,cultgoo,wait,surpris,uddudclt,,,,,,,,,,,,,,,,
307,davidvj,master,ubaaubfubaubcdubaubbfubb,ubaaubcaubbfubaf,surpris,ububbubcububcdububb,ubaaubb,ubeubaubcdubaubaubcd,ububaubcdubfubcubaaubbfubfubbfububcdub,gana,balachand,master,vaathiraid,masteraudiolaunch,,,,,,
308,tomorrowuddud,canut,waiitttudeudd,,,,,,,,,,,,,,,,,
309,caslernoel,trumpu,hotel,resort,super,dirti,,,,,,,,,,,,,,
310,musicmantrasmm,say,whuut,uddudenanoth,surpris,drop,team,master,today,pm,udcuddfudcuddf,time,vaathiraid,time,readi,uddudduau,,,,
311,caslernoel,trumpu,hotel,resort,super,dirti,,,,,,,,,,,,,,
312,mschocolatet,chocol,ts,creami,surpriseudcudfbuudcudfuddudca,,,,,,,,,,,,,,,
313,caslernoel,trumpu,hotel,resort,super,dirti,,,,,,,,,,,,,,
314,sexuallop,quand,madam,se,duecid,ue,fair,de,nude,surpris,,,,,,,,,,
315,surpris,clay,stream,connect,internet,day,wed,day,clay,,,,,,,,,,,
316,caslernoel,trumpu,hotel,resort,super,dirti,,,,,,,,,,,,,,
317,who,express,surpris,pay,author,profession,rate,surpris,author,worku,,,,,,,,,,
318,luvckyunn,current,statu,nnuaaufef,singl,nuaaufef,taken,nuddudd,wait,surpris,live,ubaacubcaubca,uddudc,,,,,,,
319,rexchapman,year,,,,,,,,,,,,,,,,,,
320,prime,territori,epidem,,,,,,,,,,,,,,,,,
321,drdenagrayson,trump,complet,bungl,rollout,coronaviru,test,,,,,,,,,,,,,
322,dethrh,open,surpris,,,,,,,,,,,,,,,,,
323,simo,fuuuuuuck,,,,,,,,,,,,,,,,,,
